inst;NR;NT;NW;capacity;balanced;fixsizerf;freeintervalrf;maxtimerf;bestsol;elapsedtime
instances/N50T15/N50T15P1W15DD_SF4.dat;50;15;15;1.5;0;2;2;120;538782.912995;4.861493616000001
instances/N50T15/N50T15P1W20SD_SF1.dat;50;15;20;1.5;0;2;2;120;690749.5429359998;25.017128917
instances/N50T30/N50T30P1W5SD_DF3.dat;50;30;5;1.5;0;2;2;120;905113.4635940008;10.065166931
instances/N50T30/N50T30P1W10DD_DF10.dat;50;30;10;1.5;0;2;2;120;1.0016131732459997e6;13.180824696
instances/N100T15/N100T15P1W5DD_SF5.dat;100;15;5;1.5;0;2;2;120;482212.1780989999;14.94095265
instances/N100T15/N100T15P1W10SD_SF9.dat;100;15;10;1.5;0;2;2;120;655839.361772;17.106526127000002
instances/N100T30/N100T30P1W10SD_DF6.dat;100;30;10;1.5;0;2;2;120;1.0978436890700012e6;40.795670251
instances/N100T30/N100T30P1W20DD_SF9.dat;100;30;20;1.5;0;2;2;120;1.1895212180139984e6;56.08505797700001
instances/N200T30/N200T30P1W5SD_SF9.dat;200;30;5;1.5;0;2;2;120;1.3497278015989973e6;80.600484489
instances/N200T30/N200T30P1W15DD_DF1.dat;200;30;15;1.5;0;2;2;120;1.3584938251749966e6;93.502482969
instances/N50T15/N50T15P1W15DD_SF4.dat;50;15;15;1.5;0;2;3;120;539280.3266150003;23.919377976000003
instances/N50T15/N50T15P1W20SD_SF1.dat;50;15;20;1.5;0;2;3;120;685697.4185579999;42.752907496
instances/N50T30/N50T30P1W5SD_DF3.dat;50;30;5;1.5;0;2;3;120;904756.998967;10.286137389
instances/N50T30/N50T30P1W10DD_DF10.dat;50;30;10;1.5;0;2;3;120;998185.9824369996;17.594340675999998
instances/N100T15/N100T15P1W5DD_SF5.dat;100;15;5;1.5;0;2;3;120;482336.77774899954;18.30833814
instances/N100T15/N100T15P1W10SD_SF9.dat;100;15;10;1.5;0;2;3;120;650924.5479769998;32.145557876
instances/N100T30/N100T30P1W10SD_DF6.dat;100;30;10;1.5;0;2;3;120;1.0905017082310007e6;48.086111334
instances/N100T30/N100T30P1W20DD_SF9.dat;100;30;20;1.5;0;2;3;120;1.2017749100759951e6;94.73051985100001
instances/N200T30/N200T30P1W5SD_SF9.dat;200;30;5;1.5;0;2;3;120;1.3494428487429963e6;106.331720816
instances/N200T30/N200T30P1W15DD_DF1.dat;200;30;15;1.5;0;2;3;120;1.3491549461510004e6;98.12743816
instances/N50T15/N50T15P1W15DD_SF4.dat;50;15;15;1.5;0;2;4;120;538822.619162;36.71135567899999
instances/N50T15/N50T15P1W20SD_SF1.dat;50;15;20;1.5;0;2;4;120;688508.1827789997;48.201797424999995
instances/N50T30/N50T30P1W5SD_DF3.dat;50;30;5;1.5;0;2;4;120;903485.3714450005;11.705009623
instances/N50T30/N50T30P1W10DD_DF10.dat;50;30;10;1.5;0;2;4;120;995328.1996559997;25.190190035000004
instances/N100T15/N100T15P1W5DD_SF5.dat;100;15;5;1.5;0;2;4;120;482463.2659909984;47.405612346000005
instances/N100T15/N100T15P1W10SD_SF9.dat;100;15;10;1.5;0;2;4;120;650324.5228069995;50.361872511
instances/N100T30/N100T30P1W10SD_DF6.dat;100;30;10;1.5;0;2;4;120;1.0892531707369988e6;80.97072389099998
instances/N100T30/N100T30P1W20DD_SF9.dat;100;30;20;1.5;0;2;4;120;1.196897263561999e6;98.01173328600002
instances/N200T30/N200T30P1W5SD_SF9.dat;200;30;5;1.5;0;2;4;120;1.3466366616739868e6;100.92144229799999
instances/N200T30/N200T30P1W15DD_DF1.dat;200;30;15;1.5;0;2;4;120;1.3581328474639966e6;99.90456351899999
instances/N50T15/N50T15P1W15DD_SF4.dat;50;15;15;1.5;0;3;2;120;538934.5536849999;8.530445799999999
instances/N50T15/N50T15P1W20SD_SF1.dat;50;15;20;1.5;0;3;2;120;689567.9201179998;55.158902018
instances/N50T30/N50T30P1W5SD_DF3.dat;50;30;5;1.5;0;3;2;120;904290.3346050007;10.108429573
instances/N50T30/N50T30P1W10DD_DF10.dat;50;30;10;1.5;0;3;2;120;1.001939634046e6;11.598484411000001
instances/N100T15/N100T15P1W5DD_SF5.dat;100;15;5;1.5;0;3;2;120;481348.5689669985;15.553637963
instances/N100T15/N100T15P1W10SD_SF9.dat;100;15;10;1.5;0;3;2;120;651558.0944909996;19.340632231
instances/N100T30/N100T30P1W10SD_DF6.dat;100;30;10;1.5;0;3;2;120;1.0884077878710008e6;30.679134796
instances/N100T30/N100T30P1W20DD_SF9.dat;100;30;20;1.5;0;3;2;120;1.1925639576499993e6;81.656324107
instances/N200T30/N200T30P1W5SD_SF9.dat;200;30;5;1.5;0;3;2;120;1.3472364350430002e6;106.16242723699999
instances/N200T30/N200T30P1W15DD_DF1.dat;200;30;15;1.5;0;3;2;120;1.3492606303110004e6;91.932325507
instances/N50T15/N50T15P1W15DD_SF4.dat;50;15;15;1.5;0;3;3;120;538795.334549;27.451817946
instances/N50T15/N50T15P1W20SD_SF1.dat;50;15;20;1.5;0;3;3;120;685959.7991209999;53.08045923
instances/N50T30/N50T30P1W5SD_DF3.dat;50;30;5;1.5;0;3;3;120;901666.8956780005;8.041166857
instances/N50T30/N50T30P1W10DD_DF10.dat;50;30;10;1.5;0;3;3;120;1.0004943395839996e6;26.845267607
instances/N100T15/N100T15P1W5DD_SF5.dat;100;15;5;1.5;0;3;3;120;482966.3532231961;42.7795508
instances/N100T15/N100T15P1W10SD_SF9.dat;100;15;10;1.5;0;3;3;120;649097.7222799999;37.24283193
instances/N100T30/N100T30P1W10SD_DF6.dat;100;30;10;1.5;0;3;3;120;1.0917396540619992e6;64.463569909
instances/N100T30/N100T30P1W20DD_SF9.dat;100;30;20;1.5;0;3;3;120;1.1941975503899993e6;92.212747925
instances/N200T30/N200T30P1W5SD_SF9.dat;200;30;5;1.5;0;3;3;120;1.3509983015559993e6;56.911337024
instances/N200T30/N200T30P1W15DD_DF1.dat;200;30;15;1.5;0;3;3;120;1.352063226553998e6;101.449349976
instances/N50T15/N50T15P1W15DD_SF4.dat;50;15;15;1.5;0;3;4;120;538042.2286530001;35.569680118
instances/N50T15/N50T15P1W20SD_SF1.dat;50;15;20;1.5;0;3;4;120;686042.8531419998;51.075889762
instances/N50T30/N50T30P1W5SD_DF3.dat;50;30;5;1.5;0;3;4;120;900153.7094670001;10.903577527000001
instances/N50T30/N50T30P1W10DD_DF10.dat;50;30;10;1.5;0;3;4;120;999251.7753119998;52.701772504000004
instances/N100T15/N100T15P1W5DD_SF5.dat;100;15;5;1.5;0;3;4;120;481715.75052399916;46.386446803
instances/N100T15/N100T15P1W10SD_SF9.dat;100;15;10;1.5;0;3;4;120;650399.2524759998;55.991606589999996
instances/N100T30/N100T30P1W10SD_DF6.dat;100;30;10;1.5;0;3;4;120;1.0895989538639998e6;77.25055595699999
instances/N100T30/N100T30P1W20DD_SF9.dat;100;30;20;1.5;0;3;4;120;1.196263117198999e6;99.518109535
instances/N200T30/N200T30P1W5SD_SF9.dat;200;30;5;1.5;0;3;4;120;1.3502707861599994e6;102.635857959
instances/N200T30/N200T30P1W15DD_DF1.dat;200;30;15;1.5;0;3;4;120;1.347069934028396e6;100.25782899599999
instances/N50T15/N50T15P1W15DD_SF4.dat;50;15;15;1.5;0;4;2;120;541382.6695970001;19.992465675000002
instances/N50T15/N50T15P1W20SD_SF1.dat;50;15;20;1.5;0;4;2;120;686431.3873349997;46.627722481
instances/N50T30/N50T30P1W5SD_DF3.dat;50;30;5;1.5;0;4;2;120;904135.6088730004;7.339555235000001
instances/N50T30/N50T30P1W10DD_DF10.dat;50;30;10;1.5;0;4;2;120;992835.5501139998;13.762577082999998
instances/N100T15/N100T15P1W5DD_SF5.dat;100;15;5;1.5;0;4;2;120;482486.7744259991;22.244538785
instances/N100T15/N100T15P1W10SD_SF9.dat;100;15;10;1.5;0;4;2;120;653063.9426889999;38.055348297
instances/N100T30/N100T30P1W10SD_DF6.dat;100;30;10;1.5;0;4;2;120;1.0940142186569993e6;67.710918245
instances/N100T30/N100T30P1W20DD_SF9.dat;100;30;20;1.5;0;4;2;120;1.192648945588999e6;86.222467906
instances/N200T30/N200T30P1W5SD_SF9.dat;200;30;5;1.5;0;4;2;120;1.3440334698949992e6;77.214965336
instances/N200T30/N200T30P1W15DD_DF1.dat;200;30;15;1.5;0;4;2;120;1.3506227982679934e6;94.597886601
instances/N50T15/N50T15P1W15DD_SF4.dat;50;15;15;1.5;0;4;3;120;537916.194467;29.637386972999998
instances/N50T15/N50T15P1W20SD_SF1.dat;50;15;20;1.5;0;4;3;120;689004.8481419999;52.719555479
instances/N50T30/N50T30P1W5SD_DF3.dat;50;30;5;1.5;0;4;3;120;902565.7589310005;9.374555753
instances/N50T30/N50T30P1W10DD_DF10.dat;50;30;10;1.5;0;4;3;120;1.0002091028479998e6;35.995786291
instances/N100T15/N100T15P1W5DD_SF5.dat;100;15;5;1.5;0;4;3;120;481926.57081099926;46.043270080000006
instances/N100T15/N100T15P1W10SD_SF9.dat;100;15;10;1.5;0;4;3;120;650828.2605821997;61.409919666
instances/N100T30/N100T30P1W10SD_DF6.dat;100;30;10;1.5;0;4;3;120;1.088768808036999e6;63.915385299
instances/N100T30/N100T30P1W20DD_SF9.dat;100;30;20;1.5;0;4;3;120;1.190047178798999e6;92.879865349
instances/N200T30/N200T30P1W5SD_SF9.dat;200;30;5;1.5;0;4;3;120;1.347425458559994e6;94.301843702
instances/N200T30/N200T30P1W15DD_DF1.dat;200;30;15;1.5;0;4;3;120;1.3530722880709965e6;95.43502973400001
instances/N50T15/N50T15P1W15DD_SF4.dat;50;15;15;1.5;0;4;4;120;537921.2144899992;44.957680463
instances/N50T15/N50T15P1W20SD_SF1.dat;50;15;20;1.5;0;4;4;120;685230.4378399998;61.082352475
instances/N50T30/N50T30P1W5SD_DF3.dat;50;30;5;1.5;0;4;4;120;900047.3776080004;10.783547575000002
instances/N50T30/N50T30P1W10DD_DF10.dat;50;30;10;1.5;0;4;4;120;990564.4349289997;44.921441256
instances/N100T15/N100T15P1W5DD_SF5.dat;100;15;5;1.5;0;4;4;120;480631.27857599873;65.436281123
instances/N100T15/N100T15P1W10SD_SF9.dat;100;15;10;1.5;0;4;4;120;652455.9935349997;75.59951645199999
instances/N100T30/N100T30P1W10SD_DF6.dat;100;30;10;1.5;0;4;4;120;1.0893873052789997e6;92.717150397
instances/N100T30/N100T30P1W20DD_SF9.dat;100;30;20;1.5;0;4;4;120;1.187226874999999e6;92.40032021
instances/N200T30/N200T30P1W5SD_SF9.dat;200;30;5;1.5;0;4;4;120;1.3462834321599924e6;96.781073543
instances/N200T30/N200T30P1W15DD_DF1.dat;200;30;15;1.5;0;4;4;120;1.3433526486759887e6;94.259913658
instances/N50T15/N50T15P1W15DD_SF4.dat;50;15;15;1.75;0;2;2;120;492284.71935999993;4.226356748000001
instances/N50T15/N50T15P1W20SD_SF1.dat;50;15;20;1.75;0;2;2;120;626237.5575599999;18.007653327
instances/N50T30/N50T30P1W5SD_DF3.dat;50;30;5;1.75;0;2;2;120;818147.0934970006;6.661745829
instances/N50T30/N50T30P1W10DD_DF10.dat;50;30;10;1.75;0;2;2;120;909355.0848020328;9.702352976
instances/N100T15/N100T15P1W5DD_SF5.dat;100;15;5;1.75;0;2;2;120;444554.63506566477;10.185180935000002
instances/N100T15/N100T15P1W10SD_SF9.dat;100;15;10;1.75;0;2;2;120;602146.9431129973;10.122853782
instances/N100T30/N100T30P1W10SD_DF6.dat;100;30;10;1.75;0;2;2;120;1.0202217099449992e6;26.789954699000003
instances/N100T30/N100T30P1W20DD_SF9.dat;100;30;20;1.75;0;2;2;120;1.1165495055816658e6;53.50235767699999
instances/N200T30/N200T30P1W5SD_SF9.dat;200;30;5;1.75;0;2;2;120;1.240845498184498e6;60.879541333
instances/N200T30/N200T30P1W15DD_DF1.dat;200;30;15;1.75;0;2;2;120;1.2633154689794194e6;78.628415574
instances/N50T15/N50T15P1W15DD_SF4.dat;50;15;15;1.75;0;2;3;120;492287.79870299995;16.476315849
instances/N50T15/N50T15P1W20SD_SF1.dat;50;15;20;1.75;0;2;3;120;626384.7608389999;45.939082485
instances/N50T30/N50T30P1W5SD_DF3.dat;50;30;5;1.75;0;2;3;120;816681.3829695;9.520174608
instances/N50T30/N50T30P1W10DD_DF10.dat;50;30;10;1.75;0;2;3;120;909865.0477586663;15.126312966999999
instances/N100T15/N100T15P1W5DD_SF5.dat;100;15;5;1.75;0;2;3;120;442072.7516179987;8.243584399
instances/N100T15/N100T15P1W10SD_SF9.dat;100;15;10;1.75;0;2;3;120;600631.2061689998;23.829434118
instances/N100T30/N100T30P1W10SD_DF6.dat;100;30;10;1.75;0;2;3;120;1.0255059814900003e6;57.294902142000005
instances/N100T30/N100T30P1W20DD_SF9.dat;100;30;20;1.75;0;2;3;120;1.1194561527083325e6;76.65046512599999
instances/N200T30/N200T30P1W5SD_SF9.dat;200;30;5;1.75;0;2;3;120;1.2443745673863727e6;87.10106756699999
instances/N200T30/N200T30P1W15DD_DF1.dat;200;30;15;1.75;0;2;3;120;1.259790977881995e6;98.347904686
instances/N50T15/N50T15P1W15DD_SF4.dat;50;15;15;1.75;0;2;4;120;490166.94560966664;20.888876226000004
instances/N50T15/N50T15P1W20SD_SF1.dat;50;15;20;1.75;0;2;4;120;624326.1298589999;39.682299069
instances/N50T30/N50T30P1W5SD_DF3.dat;50;30;5;1.75;0;2;4;120;818432.144803;12.420614761
instances/N50T30/N50T30P1W10DD_DF10.dat;50;30;10;1.75;0;2;4;120;906560.3291259995;22.887340082999998
instances/N100T15/N100T15P1W5DD_SF5.dat;100;15;5;1.75;0;2;4;120;443686.9188209995;24.333159326
instances/N100T15/N100T15P1W10SD_SF9.dat;100;15;10;1.75;0;2;4;120;600558.3654709999;50.298053004
instances/N100T30/N100T30P1W10SD_DF6.dat;100;30;10;1.75;0;2;4;120;1.0177491592479987e6;80.674698195
instances/N100T30/N100T30P1W20DD_SF9.dat;100;30;20;1.75;0;2;4;120;1.114157262479999e6;94.184806355
instances/N200T30/N200T30P1W5SD_SF9.dat;200;30;5;1.75;0;2;4;120;1.2395776219279964e6;96.309345366
instances/N200T30/N200T30P1W15DD_DF1.dat;200;30;15;1.75;0;2;4;120;1.2673873208959945e6;98.76631343300001
instances/N50T15/N50T15P1W15DD_SF4.dat;50;15;15;1.75;0;3;2;120;494056.26286633284;9.190283004
instances/N50T15/N50T15P1W20SD_SF1.dat;50;15;20;1.75;0;3;2;120;624794.4373249997;27.980823926
instances/N50T30/N50T30P1W5SD_DF3.dat;50;30;5;1.75;0;3;2;120;820970.0520100005;7.078415068999999
instances/N50T30/N50T30P1W10DD_DF10.dat;50;30;10;1.75;0;3;2;120;916441.4323839998;10.077031459
instances/N100T15/N100T15P1W5DD_SF5.dat;100;15;5;1.75;0;3;2;120;443767.9299033326;7.195648932999999
instances/N100T15/N100T15P1W10SD_SF9.dat;100;15;10;1.75;0;3;2;120;601132.0821579985;22.111623307
instances/N100T30/N100T30P1W10SD_DF6.dat;100;30;10;1.75;0;3;2;120;1.0157444814720005e6;38.105384427999994
instances/N100T30/N100T30P1W20DD_SF9.dat;100;30;20;1.75;0;3;2;120;1.1227670569003324e6;77.39681604699999
instances/N200T30/N200T30P1W5SD_SF9.dat;200;30;5;1.75;0;3;2;120;1.2479698507751648e6;79.41008940900001
instances/N200T30/N200T30P1W15DD_DF1.dat;200;30;15;1.75;0;3;2;120;1.2670622292699963e6;97.071355537
instances/N50T15/N50T15P1W15DD_SF4.dat;50;15;15;1.75;0;3;3;120;491817.31238533324;16.166690048
instances/N50T15/N50T15P1W20SD_SF1.dat;50;15;20;1.75;0;3;3;120;625699.9765989999;50.191816282
instances/N50T30/N50T30P1W5SD_DF3.dat;50;30;5;1.75;0;3;3;120;819380.5112079997;10.239476460999999
instances/N50T30/N50T30P1W10DD_DF10.dat;50;30;10;1.75;0;3;3;120;904744.9906321247;21.072189779
instances/N100T15/N100T15P1W5DD_SF5.dat;100;15;5;1.75;0;3;3;120;444834.6006249995;28.476595168
instances/N100T15/N100T15P1W10SD_SF9.dat;100;15;10;1.75;0;3;3;120;598949.2241629997;36.291600775
instances/N100T30/N100T30P1W10SD_DF6.dat;100;30;10;1.75;0;3;3;120;1.016178898673e6;72.851202229
instances/N100T30/N100T30P1W20DD_SF9.dat;100;30;20;1.75;0;3;3;120;1.1173158992743324e6;98.46155537899999
instances/N200T30/N200T30P1W5SD_SF9.dat;200;30;5;1.75;0;3;3;120;1.2404788122639942e6;85.521062696
instances/N200T30/N200T30P1W15DD_DF1.dat;200;30;15;1.75;0;3;3;120;1.2549179106999915e6;92.344424711
instances/N50T15/N50T15P1W15DD_SF4.dat;50;15;15;1.75;0;3;4;120;491125.759888;35.181854674
instances/N50T15/N50T15P1W20SD_SF1.dat;50;15;20;1.75;0;3;4;120;625209.669212;53.400594908
instances/N50T30/N50T30P1W5SD_DF3.dat;50;30;5;1.75;0;3;4;120;817374.5142460007;9.692766108999999
instances/N50T30/N50T30P1W10DD_DF10.dat;50;30;10;1.75;0;3;4;120;904889.4773026663;41.192790779
instances/N100T15/N100T15P1W5DD_SF5.dat;100;15;5;1.75;0;3;4;120;444323.5139649985;46.127089404
instances/N100T15/N100T15P1W10SD_SF9.dat;100;15;10;1.75;0;3;4;120;601050.7777559997;52.664036966
instances/N100T30/N100T30P1W10SD_DF6.dat;100;30;10;1.75;0;3;4;120;1.0161863489199989e6;90.880688069
instances/N100T30/N100T30P1W20DD_SF9.dat;100;30;20;1.75;0;3;4;120;1.120444240356999e6;99.67177905
instances/N200T30/N200T30P1W5SD_SF9.dat;200;30;5;1.75;0;3;4;120;1.2407377203179952e6;94.196560831
instances/N200T30/N200T30P1W15DD_DF1.dat;200;30;15;1.75;0;3;4;120;1.2611391569179934e6;101.593783004
instances/N50T15/N50T15P1W15DD_SF4.dat;50;15;15;1.75;0;4;2;120;491219.2634573334;12.406406593
instances/N50T15/N50T15P1W20SD_SF1.dat;50;15;20;1.75;0;4;2;120;623956.5439519999;61.10662194099999
instances/N50T30/N50T30P1W5SD_DF3.dat;50;30;5;1.75;0;4;2;120;817832.6254250001;6.97813146
instances/N50T30/N50T30P1W10DD_DF10.dat;50;30;10;1.75;0;4;2;120;909235.1479376663;21.897486948
instances/N100T15/N100T15P1W5DD_SF5.dat;100;15;5;1.75;0;4;2;120;444042.79523366515;12.853318426
instances/N100T15/N100T15P1W10SD_SF9.dat;100;15;10;1.75;0;4;2;120;600732.5024849998;38.898271876
instances/N100T30/N100T30P1W10SD_DF6.dat;100;30;10;1.75;0;4;2;120;1.0168771304999994e6;67.16647559100001
instances/N100T30/N100T30P1W20DD_SF9.dat;100;30;20;1.75;0;4;2;120;1.1108297729086657e6;83.17064197999998
instances/N200T30/N200T30P1W5SD_SF9.dat;200;30;5;1.75;0;4;2;120;1.240690550553996e6;87.609752971
instances/N200T30/N200T30P1W15DD_DF1.dat;200;30;15;1.75;0;4;2;120;1.2650943098579925e6;97.010437358
instances/N50T15/N50T15P1W15DD_SF4.dat;50;15;15;1.75;0;4;3;120;492069.5699616666;21.472246061
instances/N50T15/N50T15P1W20SD_SF1.dat;50;15;20;1.75;0;4;3;120;622074.5497499998;42.471053597
instances/N50T30/N50T30P1W5SD_DF3.dat;50;30;5;1.75;0;4;3;120;817102.4725060001;8.756815834
instances/N50T30/N50T30P1W10DD_DF10.dat;50;30;10;1.75;0;4;3;120;905739.4495649996;32.04575621
instances/N100T15/N100T15P1W5DD_SF5.dat;100;15;5;1.75;0;4;3;120;441957.748910332;27.384978128
instances/N100T15/N100T15P1W10SD_SF9.dat;100;15;10;1.75;0;4;3;120;599867.5563979999;58.913389767
instances/N100T30/N100T30P1W10SD_DF6.dat;100;30;10;1.75;0;4;3;120;1.0208865851309982e6;74.837336386
instances/N100T30/N100T30P1W20DD_SF9.dat;100;30;20;1.75;0;4;3;120;1.118756065125333e6;92.603089131
instances/N200T30/N200T30P1W5SD_SF9.dat;200;30;5;1.75;0;4;3;120;1.2404942919639968e6;90.312302666
instances/N200T30/N200T30P1W15DD_DF1.dat;200;30;15;1.75;0;4;3;120;1.259549756006998e6;95.506165201
instances/N50T15/N50T15P1W15DD_SF4.dat;50;15;15;1.75;0;4;4;120;490785.07096899976;25.119339795
instances/N50T15/N50T15P1W20SD_SF1.dat;50;15;20;1.75;0;4;4;120;623703.7788329998;60.962135169
instances/N50T30/N50T30P1W5SD_DF3.dat;50;30;5;1.75;0;4;4;120;816689.4892439996;10.673460729999999
instances/N50T30/N50T30P1W10DD_DF10.dat;50;30;10;1.75;0;4;4;120;905369.456741;44.105624594
instances/N100T15/N100T15P1W5DD_SF5.dat;100;15;5;1.75;0;4;4;120;443650.6869699991;40.991670932
instances/N100T15/N100T15P1W10SD_SF9.dat;100;15;10;1.75;0;4;4;120;605034.4338109998;62.122817993
instances/N100T30/N100T30P1W10SD_DF6.dat;100;30;10;1.75;0;4;4;120;1.0190777064762493e6;105.901284723
instances/N100T30/N100T30P1W20DD_SF9.dat;100;30;20;1.75;0;4;4;120;1.121545815198666e6;92.60772653800001
instances/N200T30/N200T30P1W5SD_SF9.dat;200;30;5;1.75;0;4;4;120;1.2383544406519956e6;92.17713406700001
instances/N200T30/N200T30P1W15DD_DF1.dat;200;30;15;1.75;0;4;4;120;1.2652203716609892e6;95.69890441199999
instances/N50T15/N50T15P1W15DD_SF4.dat;50;15;15;2.0;0;2;2;120;454330.3972663332;4.516889108
instances/N50T15/N50T15P1W20SD_SF1.dat;50;15;20;2.0;0;2;2;120;581876.9700849999;15.296171107
instances/N50T30/N50T30P1W5SD_DF3.dat;50;30;5;2.0;0;2;2;120;705402.8733269998;8.402169783000002
instances/N50T30/N50T30P1W10DD_DF10.dat;50;30;10;2.0;0;2;2;120;801818.2434303336;10.086648626
instances/N100T15/N100T15P1W5DD_SF5.dat;100;15;5;2.0;0;2;2;120;409570.30035899894;5.671336296
instances/N100T15/N100T15P1W10SD_SF9.dat;100;15;10;2.0;0;2;2;120;558172.2949889998;9.703607338
instances/N100T30/N100T30P1W10SD_DF6.dat;100;30;10;2.0;0;2;2;120;900308.140679001;22.179165710000003
instances/N100T30/N100T30P1W20DD_SF9.dat;100;30;20;2.0;0;2;2;120;1.0345560938366672e6;57.382385895
instances/N200T30/N200T30P1W5SD_SF9.dat;200;30;5;2.0;0;2;2;120;1.139720288959998e6;59.399595565
instances/N200T30/N200T30P1W15DD_DF1.dat;200;30;15;2.0;0;2;2;120;1.1508177390949954e6;65.92815690100001
instances/N50T15/N50T15P1W15DD_SF4.dat;50;15;15;2.0;0;2;3;120;453778.0331139999;10.110604315
instances/N50T15/N50T15P1W20SD_SF1.dat;50;15;20;2.0;0;2;3;120;574927.1154409999;38.442650458
instances/N50T30/N50T30P1W5SD_DF3.dat;50;30;5;2.0;0;2;3;120;703877.6727679993;10.9322583
instances/N50T30/N50T30P1W10DD_DF10.dat;50;30;10;2.0;0;2;3;120;798992.018191;14.593355358
instances/N100T15/N100T15P1W5DD_SF5.dat;100;15;5;2.0;0;2;3;120;406331.30008899886;8.037855875
instances/N100T15/N100T15P1W10SD_SF9.dat;100;15;10;2.0;0;2;3;120;552166.5649859998;26.131625494
instances/N100T30/N100T30P1W10SD_DF6.dat;100;30;10;2.0;0;2;3;120;893860.5717789987;53.122336245
instances/N100T30/N100T30P1W20DD_SF9.dat;100;30;20;2.0;0;2;3;120;1.0150309540843328e6;89.202121371
instances/N200T30/N200T30P1W5SD_SF9.dat;200;30;5;2.0;0;2;3;120;1.1494092025769944e6;80.74551219499999
instances/N200T30/N200T30P1W15DD_DF1.dat;200;30;15;2.0;0;2;3;120;1.1531127442289968e6;96.57094365100001
instances/N50T15/N50T15P1W15DD_SF4.dat;50;15;15;2.0;0;2;4;120;453976.3868973332;33.296084268
instances/N50T15/N50T15P1W20SD_SF1.dat;50;15;20;2.0;0;2;4;120;578436.409194;45.048199689
instances/N50T30/N50T30P1W5SD_DF3.dat;50;30;5;2.0;0;2;4;120;704198.6850369996;13.126535406999999
instances/N50T30/N50T30P1W10DD_DF10.dat;50;30;10;2.0;0;2;4;120;786726.3219453334;19.223465325
instances/N100T15/N100T15P1W5DD_SF5.dat;100;15;5;2.0;0;2;4;120;406298.7722639993;20.943697091
instances/N100T15/N100T15P1W10SD_SF9.dat;100;15;10;2.0;0;2;4;120;554461.2516149998;45.252591050999996
instances/N100T30/N100T30P1W10SD_DF6.dat;100;30;10;2.0;0;2;4;120;895747.8965879988;59.593620329000004
instances/N100T30/N100T30P1W20DD_SF9.dat;100;30;20;2.0;0;2;4;120;1.0179961001119997e6;93.659272221
instances/N200T30/N200T30P1W5SD_SF9.dat;200;30;5;2.0;0;2;4;120;1.140781127286997e6;87.951930429
instances/N200T30/N200T30P1W15DD_DF1.dat;200;30;15;2.0;0;2;4;120;1.1641193765499955e6;100.84424098800001
instances/N50T15/N50T15P1W15DD_SF4.dat;50;15;15;2.0;0;3;2;120;451998.637131;6.793622152
instances/N50T15/N50T15P1W20SD_SF1.dat;50;15;20;2.0;0;3;2;120;575327.5514779999;23.803248354999997
instances/N50T30/N50T30P1W5SD_DF3.dat;50;30;5;2.0;0;3;2;120;706035.1902460004;6.412935587999999
instances/N50T30/N50T30P1W10DD_DF10.dat;50;30;10;2.0;0;3;2;120;788020.4522459996;8.98484428
instances/N100T15/N100T15P1W5DD_SF5.dat;100;15;5;2.0;0;3;2;120;406540.16007;8.343716479
instances/N100T15/N100T15P1W10SD_SF9.dat;100;15;10;2.0;0;3;2;120;551594.4494169992;20.705790724
instances/N100T30/N100T30P1W10SD_DF6.dat;100;30;10;2.0;0;3;2;120;896026.3126489976;25.362379611
instances/N100T30/N100T30P1W20DD_SF9.dat;100;30;20;2.0;0;3;2;120;1.0152507286916656e6;79.52263502100001
instances/N200T30/N200T30P1W5SD_SF9.dat;200;30;5;2.0;0;3;2;120;1.144121493374999e6;66.660740557
instances/N200T30/N200T30P1W15DD_DF1.dat;200;30;15;2.0;0;3;2;120;1.1497187692179997e6;73.87604392400002
instances/N50T15/N50T15P1W15DD_SF4.dat;50;15;15;2.0;0;3;3;120;454235.6358079999;22.855007187000002
instances/N50T15/N50T15P1W20SD_SF1.dat;50;15;20;2.0;0;3;3;120;574572.7301360001;42.702903484
instances/N50T30/N50T30P1W5SD_DF3.dat;50;30;5;2.0;0;3;3;120;705454.5381870004;8.132756752
instances/N50T30/N50T30P1W10DD_DF10.dat;50;30;10;2.0;0;3;3;120;790409.3791393335;13.25414929
instances/N100T15/N100T15P1W5DD_SF5.dat;100;15;5;2.0;0;3;3;120;406325.29784899903;16.915776612
instances/N100T15/N100T15P1W10SD_SF9.dat;100;15;10;2.0;0;3;3;120;552111.7741539995;36.545241741
instances/N100T30/N100T30P1W10SD_DF6.dat;100;30;10;2.0;0;3;3;120;893365.1184270007;56.280586053
instances/N100T30/N100T30P1W20DD_SF9.dat;100;30;20;2.0;0;3;3;120;1.0221723569889995e6;98.44873066900001
instances/N200T30/N200T30P1W5SD_SF9.dat;200;30;5;2.0;0;3;3;120;1.1444690831169954e6;89.612185378
instances/N200T30/N200T30P1W15DD_DF1.dat;200;30;15;2.0;0;3;3;120;1.1508309695369964e6;101.210382522
instances/N50T15/N50T15P1W15DD_SF4.dat;50;15;15;2.0;0;3;4;120;452290.20024699986;30.531264935
instances/N50T15/N50T15P1W20SD_SF1.dat;50;15;20;2.0;0;3;4;120;579570.6829709999;40.604609309
instances/N50T30/N50T30P1W5SD_DF3.dat;50;30;5;2.0;0;3;4;120;703440.1613079996;10.152858749
instances/N50T30/N50T30P1W10DD_DF10.dat;50;30;10;2.0;0;3;4;120;786395.1592203333;36.082336139
instances/N100T15/N100T15P1W5DD_SF5.dat;100;15;5;2.0;0;3;4;120;408544.4133683325;27.262100532
instances/N100T15/N100T15P1W10SD_SF9.dat;100;15;10;2.0;0;3;4;120;553138.8576849997;54.45772026
instances/N100T30/N100T30P1W10SD_DF6.dat;100;30;10;2.0;0;3;4;120;896056.8748289997;81.875978214
instances/N100T30/N100T30P1W20DD_SF9.dat;100;30;20;2.0;0;3;4;120;1.0162464002573325e6;97.746831012
instances/N200T30/N200T30P1W5SD_SF9.dat;200;30;5;2.0;0;3;4;120;1.1431485928949956e6;103.850285524
instances/N200T30/N200T30P1W15DD_DF1.dat;200;30;15;2.0;0;3;4;120;1.152629752981996e6;96.32872057300001
instances/N50T15/N50T15P1W15DD_SF4.dat;50;15;15;2.0;0;4;2;120;453756.7726433332;21.466337372999998
instances/N50T15/N50T15P1W20SD_SF1.dat;50;15;20;2.0;0;4;2;120;574025.1595489997;28.289602216
instances/N50T30/N50T30P1W5SD_DF3.dat;50;30;5;2.0;0;4;2;120;706641.9637090003;7.690234815
instances/N50T30/N50T30P1W10DD_DF10.dat;50;30;10;2.0;0;4;2;120;794627.090484;10.026682498000001
instances/N100T15/N100T15P1W5DD_SF5.dat;100;15;5;2.0;0;4;2;120;407099.3548306654;19.686945897
instances/N100T15/N100T15P1W10SD_SF9.dat;100;15;10;2.0;0;4;2;120;551995.00072;21.381657377
instances/N100T30/N100T30P1W10SD_DF6.dat;100;30;10;2.0;0;4;2;120;898991.7665039995;55.06651666100001
instances/N100T30/N100T30P1W20DD_SF9.dat;100;30;20;2.0;0;4;2;120;1.0174584829288443e6;88.37012297999999
instances/N200T30/N200T30P1W5SD_SF9.dat;200;30;5;2.0;0;4;2;120;1.1342371506729992e6;68.980162226
instances/N200T30/N200T30P1W15DD_DF1.dat;200;30;15;2.0;0;4;2;120;1.157099851090994e6;98.098509381
instances/N50T15/N50T15P1W15DD_SF4.dat;50;15;15;2.0;0;4;3;120;451780.35451499996;34.945055566
instances/N50T15/N50T15P1W20SD_SF1.dat;50;15;20;2.0;0;4;3;120;575223.6438359998;44.521058763
instances/N50T30/N50T30P1W5SD_DF3.dat;50;30;5;2.0;0;4;3;120;703565.8828239995;8.158356507
instances/N50T30/N50T30P1W10DD_DF10.dat;50;30;10;2.0;0;4;3;120;791096.7519049996;16.169069714000003
instances/N100T15/N100T15P1W5DD_SF5.dat;100;15;5;2.0;0;4;3;120;406285.3698789987;24.684918600000003
instances/N100T15/N100T15P1W10SD_SF9.dat;100;15;10;2.0;0;4;3;120;552537.1928489998;45.542437023
instances/N100T30/N100T30P1W10SD_DF6.dat;100;30;10;2.0;0;4;3;120;899450.2558299969;79.892398517
instances/N100T30/N100T30P1W20DD_SF9.dat;100;30;20;2.0;0;4;3;120;1.017478279968333e6;92.024377242
instances/N200T30/N200T30P1W5SD_SF9.dat;200;30;5;2.0;0;4;3;120;1.1425639601459953e6;85.183661915
instances/N200T30/N200T30P1W15DD_DF1.dat;200;30;15;2.0;0;4;3;120;1.1531305402009934e6;87.41202389200001
instances/N50T15/N50T15P1W15DD_SF4.dat;50;15;15;2.0;0;4;4;120;452322.9383226666;29.898029711
instances/N50T15/N50T15P1W20SD_SF1.dat;50;15;20;2.0;0;4;4;120;575903.8602839994;48.753789529
instances/N50T30/N50T30P1W5SD_DF3.dat;50;30;5;2.0;0;4;4;120;705351.9228870005;10.955021742000001
instances/N50T30/N50T30P1W10DD_DF10.dat;50;30;10;2.0;0;4;4;120;787034.6759049997;53.929995024
instances/N100T15/N100T15P1W5DD_SF5.dat;100;15;5;2.0;0;4;4;120;406299.9461023313;37.705311140000006
instances/N100T15/N100T15P1W10SD_SF9.dat;100;15;10;2.0;0;4;4;120;553181.5037979997;62.171365841000004
instances/N100T30/N100T30P1W10SD_DF6.dat;100;30;10;2.0;0;4;4;120;896719.1298129994;74.54647624799999
instances/N100T30/N100T30P1W20DD_SF9.dat;100;30;20;2.0;0;4;4;120;1.0240591300943326e6;92.924860025
instances/N200T30/N200T30P1W5SD_SF9.dat;200;30;5;2.0;0;4;4;120;1.136006577535e6;76.785444367
instances/N200T30/N200T30P1W15DD_DF1.dat;200;30;15;2.0;0;4;4;120;1.157944604721961e6;105.68729925499999
instances/N50T15/N50T15P1W15DD_SF4.dat;50;15;15;1.5;1;2;2;120;552925.526648;18.510031337
instances/N50T15/N50T15P1W20SD_SF1.dat;50;15;20;1.5;1;2;2;120;691633.7767559998;28.01029412
instances/N50T30/N50T30P1W5SD_DF3.dat;50;30;5;1.5;1;2;2;120;941393.3540430004;9.540635131000002
instances/N50T30/N50T30P1W10DD_DF10.dat;50;30;10;1.5;1;2;2;120;1.0420705879470002e6;13.498810204999998
instances/N100T15/N100T15P1W5DD_SF5.dat;100;15;5;1.5;1;2;2;120;515430.6168969994;7.771635303
instances/N100T15/N100T15P1W10SD_SF9.dat;100;15;10;1.5;1;2;2;120;693217.441323;38.333425326000004
instances/N100T30/N100T30P1W10SD_DF6.dat;100;30;10;1.5;1;2;2;120;1.141665485073001e6;27.901425353999997
instances/N100T30/N100T30P1W20DD_SF9.dat;100;30;20;1.5;1;2;2;120;1.2811337643379979e6;83.896446402
instances/N200T30/N200T30P1W5SD_SF9.dat;200;30;5;1.5;1;2;2;120;1.4005642510540006e6;88.917272952
instances/N200T30/N200T30P1W15DD_DF1.dat;200;30;15;1.5;1;2;2;120;1.4559759462089941e6;92.28143035100001
instances/N50T15/N50T15P1W15DD_SF4.dat;50;15;15;1.5;1;2;3;120;551066.9199130001;32.62118176599999
instances/N50T15/N50T15P1W20SD_SF1.dat;50;15;20;1.5;1;2;3;120;692675.0144359999;49.128136277
instances/N50T30/N50T30P1W5SD_DF3.dat;50;30;5;1.5;1;2;3;120;940370.4137820003;13.988644738
instances/N50T30/N50T30P1W10DD_DF10.dat;50;30;10;1.5;1;2;3;120;1.0267915740639999e6;17.151036194
instances/N100T15/N100T15P1W5DD_SF5.dat;100;15;5;1.5;1;2;3;120;516372.32081999944;19.812636258999998
instances/N100T15/N100T15P1W10SD_SF9.dat;100;15;10;1.5;1;2;3;120;690142.1544929999;49.322836465
instances/N100T30/N100T30P1W10SD_DF6.dat;100;30;10;1.5;1;2;3;120;1.1332072688530013e6;47.064848588
instances/N100T30/N100T30P1W20DD_SF9.dat;100;30;20;1.5;1;2;3;120;1.2806283108740002e6;99.204568028
instances/N200T30/N200T30P1W5SD_SF9.dat;200;30;5;1.5;1;2;3;120;1.4026175790278516e6;105.74890263100002
instances/N200T30/N200T30P1W15DD_DF1.dat;200;30;15;1.5;1;2;3;120;1.4541944038526625e6;106.587390414
instances/N50T15/N50T15P1W15DD_SF4.dat;50;15;15;1.5;1;2;4;120;552112.787984;48.836355128
instances/N50T15/N50T15P1W20SD_SF1.dat;50;15;20;1.5;1;2;4;120;691547.0803299999;47.167233903
instances/N50T30/N50T30P1W5SD_DF3.dat;50;30;5;1.5;1;2;4;120;932151.5636070004;15.603199361000001
instances/N50T30/N50T30P1W10DD_DF10.dat;50;30;10;1.5;1;2;4;120;1.0255946177939998e6;33.835703101
instances/N100T15/N100T15P1W5DD_SF5.dat;100;15;5;1.5;1;2;4;120;514890.45109199965;35.57268916499999
instances/N100T15/N100T15P1W10SD_SF9.dat;100;15;10;1.5;1;2;4;120;689495.3419449996;67.148398582
instances/N100T30/N100T30P1W10SD_DF6.dat;100;30;10;1.5;1;2;4;120;1.1372559769209982e6;72.33543868699999
instances/N100T30/N100T30P1W20DD_SF9.dat;100;30;20;1.5;1;2;4;120;1.2651122932609976e6;98.21384420999999
instances/N200T30/N200T30P1W5SD_SF9.dat;200;30;5;1.5;1;2;4;120;1.418421687414429e6;104.742903278
instances/N200T30/N200T30P1W15DD_DF1.dat;200;30;15;1.5;1;2;4;120;1.4493172964889929e6;102.146624104
instances/N50T15/N50T15P1W15DD_SF4.dat;50;15;15;1.5;1;3;2;120;550739.6142630001;27.646271022999997
instances/N50T15/N50T15P1W20SD_SF1.dat;50;15;20;1.5;1;3;2;120;696666.7431999998;56.237225508
instances/N50T30/N50T30P1W5SD_DF3.dat;50;30;5;1.5;1;3;2;120;935170.5999370002;9.188422831
instances/N50T30/N50T30P1W10DD_DF10.dat;50;30;10;1.5;1;3;2;120;1.0271295834499995e6;12.352327323999999
instances/N100T15/N100T15P1W5DD_SF5.dat;100;15;5;1.5;1;3;2;120;514969.0803889997;13.284047358999999
instances/N100T15/N100T15P1W10SD_SF9.dat;100;15;10;1.5;1;3;2;120;690621.4258519999;53.100709613999996
instances/N100T30/N100T30P1W10SD_DF6.dat;100;30;10;1.5;1;3;2;120;1.1345187532490015e6;54.046922298000005
instances/N100T30/N100T30P1W20DD_SF9.dat;100;30;20;1.5;1;3;2;120;1.2609165090129985e6;98.666579299
instances/N200T30/N200T30P1W5SD_SF9.dat;200;30;5;1.5;1;3;2;120;1.4001680533970003e6;101.46230669199998
instances/N200T30/N200T30P1W15DD_DF1.dat;200;30;15;1.5;1;3;2;120;1.4531027578910002e6;105.52813899399997
instances/N50T15/N50T15P1W15DD_SF4.dat;50;15;15;1.5;1;3;3;120;550262.9274599999;35.405940179
instances/N50T15/N50T15P1W20SD_SF1.dat;50;15;20;1.5;1;3;3;120;692478.2784719998;54.364311892
instances/N50T30/N50T30P1W5SD_DF3.dat;50;30;5;1.5;1;3;3;120;933178.1997660006;10.118225911
instances/N50T30/N50T30P1W10DD_DF10.dat;50;30;10;1.5;1;3;3;120;1.0296977823519995e6;20.782999094
instances/N100T15/N100T15P1W5DD_SF5.dat;100;15;5;1.5;1;3;3;120;513662.9168519998;22.821395260000003
instances/N100T15/N100T15P1W10SD_SF9.dat;100;15;10;1.5;1;3;3;120;689158.7732079995;55.292142936
instances/N100T30/N100T30P1W10SD_DF6.dat;100;30;10;1.5;1;3;3;120;1.136652504468e6;55.021929574
instances/N100T30/N100T30P1W20DD_SF9.dat;100;30;20;1.5;1;3;3;120;1.2702815029519983e6;98.88307547299998
instances/N200T30/N200T30P1W5SD_SF9.dat;200;30;5;1.5;1;3;3;120;1.3986411544979897e6;97.024150445
instances/N200T30/N200T30P1W15DD_DF1.dat;200;30;15;1.5;1;3;3;120;1.4516823812659946e6;103.847514598
instances/N50T15/N50T15P1W15DD_SF4.dat;50;15;15;1.5;1;3;4;120;549885.510278;52.717552166000004
instances/N50T15/N50T15P1W20SD_SF1.dat;50;15;20;1.5;1;3;4;120;687568.4153839999;60.683013249999995
instances/N50T30/N50T30P1W5SD_DF3.dat;50;30;5;1.5;1;3;4;120;933870.3195000003;17.085047814
instances/N50T30/N50T30P1W10DD_DF10.dat;50;30;10;1.5;1;3;4;120;1.0240448776519998e6;57.907514158
instances/N100T15/N100T15P1W5DD_SF5.dat;100;15;5;1.5;1;3;4;120;514212.5956069993;74.55314541999999
instances/N100T15/N100T15P1W10SD_SF9.dat;100;15;10;1.5;1;3;4;120;690369.8389249987;73.67713391299999
instances/N100T30/N100T30P1W10SD_DF6.dat;100;30;10;1.5;1;3;4;120;1.1375685315145003e6;94.66017564900001
instances/N100T30/N100T30P1W20DD_SF9.dat;100;30;20;1.5;1;3;4;120;1.259580052118999e6;107.569024181
instances/N200T30/N200T30P1W5SD_SF9.dat;200;30;5;1.5;1;3;4;120;1.4067106420969944e6;108.64965616200001
instances/N200T30/N200T30P1W15DD_DF1.dat;200;30;15;1.5;1;3;4;120;1.4561788034179965e6;103.75873227
instances/N50T15/N50T15P1W15DD_SF4.dat;50;15;15;1.5;1;4;2;120;550327.684203;40.391580076
instances/N50T15/N50T15P1W20SD_SF1.dat;50;15;20;1.5;1;4;2;120;692248.1328949997;61.09522126899999
instances/N50T30/N50T30P1W5SD_DF3.dat;50;30;5;1.5;1;4;2;120;935303.232762;9.064851844
instances/N50T30/N50T30P1W10DD_DF10.dat;50;30;10;1.5;1;4;2;120;1.0296044471199999e6;15.642166844
instances/N100T15/N100T15P1W5DD_SF5.dat;100;15;5;1.5;1;4;2;120;514595.332562999;16.432383431
instances/N100T15/N100T15P1W10SD_SF9.dat;100;15;10;1.5;1;4;2;120;689384.3342779999;50.021992901
instances/N100T30/N100T30P1W10SD_DF6.dat;100;30;10;1.5;1;4;2;120;1.1357835705440007e6;53.175117033999996
instances/N100T30/N100T30P1W20DD_SF9.dat;100;30;20;1.5;1;4;2;120;1.2672937576979976e6;94.516279398
instances/N200T30/N200T30P1W5SD_SF9.dat;200;30;5;1.5;1;4;2;120;1.4021716039429898e6;89.26305295200001
instances/N200T30/N200T30P1W15DD_DF1.dat;200;30;15;1.5;1;4;2;120;1.4494706844469958e6;94.639145918
instances/N50T15/N50T15P1W15DD_SF4.dat;50;15;15;1.5;1;4;3;120;550061.6851919999;60.878354695
instances/N50T15/N50T15P1W20SD_SF1.dat;50;15;20;1.5;1;4;3;120;687496.4953069999;60.87646990699999
instances/N50T30/N50T30P1W5SD_DF3.dat;50;30;5;1.5;1;4;3;120;935490.3407240002;14.394784490000001
instances/N50T30/N50T30P1W10DD_DF10.dat;50;30;10;1.5;1;4;3;120;1.0224038729679999e6;38.565289840000005
instances/N100T15/N100T15P1W5DD_SF5.dat;100;15;5;1.5;1;4;3;120;515673.8550149988;61.815309656
instances/N100T15/N100T15P1W10SD_SF9.dat;100;15;10;1.5;1;4;3;120;688254.605864995;64.066958895
instances/N100T30/N100T30P1W10SD_DF6.dat;100;30;10;1.5;1;4;3;120;1.1362902837760006e6;92.487160647
instances/N100T30/N100T30P1W20DD_SF9.dat;100;30;20;1.5;1;4;3;120;1.2603037349079987e6;92.05411078300001
instances/N200T30/N200T30P1W5SD_SF9.dat;200;30;5;1.5;1;4;3;120;1.4058385613409942e6;100.45105686000001
instances/N200T30/N200T30P1W15DD_DF1.dat;200;30;15;1.5;1;4;3;120;1.4501166681869985e6;95.83826090199999
instances/N50T15/N50T15P1W15DD_SF4.dat;50;15;15;1.5;1;4;4;120;550069.833224;60.934609481
instances/N50T15/N50T15P1W20SD_SF1.dat;50;15;20;1.5;1;4;4;120;688783.9159599999;61.345850797000004
instances/N50T30/N50T30P1W5SD_DF3.dat;50;30;5;1.5;1;4;4;120;930530.1158790005;20.845049512
instances/N50T30/N50T30P1W10DD_DF10.dat;50;30;10;1.5;1;4;4;120;1.0244780138109998e6;70.39551452399999
instances/N100T15/N100T15P1W5DD_SF5.dat;100;15;5;1.5;1;4;4;120;513917.9758089991;64.11101983
instances/N100T15/N100T15P1W10SD_SF9.dat;100;15;10;1.5;1;4;4;120;692565.9697479992;69.145977609
instances/N100T30/N100T30P1W10SD_DF6.dat;100;30;10;1.5;1;4;4;120;1.1348620476179984e6;93.06451243000001
instances/N100T30/N100T30P1W20DD_SF9.dat;100;30;20;1.5;1;4;4;120;1.266322310438998e6;93.051349813
instances/N200T30/N200T30P1W5SD_SF9.dat;200;30;5;1.5;1;4;4;120;1.417697180423498e6;98.242304007
instances/N200T30/N200T30P1W15DD_DF1.dat;200;30;15;1.5;1;4;4;120;1.4629329345029984e6;94.35130043699999
instances/N50T15/N50T15P1W15DD_SF4.dat;50;15;15;1.75;1;2;2;120;505045.3379719962;17.300803845999997
instances/N50T15/N50T15P1W20SD_SF1.dat;50;15;20;1.75;1;2;2;120;635265.8323629998;25.728543208000005
instances/N50T30/N50T30P1W5SD_DF3.dat;50;30;5;1.75;1;2;2;120;856322.6165049993;9.642818698
instances/N50T30/N50T30P1W10DD_DF10.dat;50;30;10;1.75;1;2;2;120;951010.1902182006;15.524110858999999
instances/N100T15/N100T15P1W5DD_SF5.dat;100;15;5;1.75;1;2;2;120;478937.5703400001;7.631600069999999
instances/N100T15/N100T15P1W10SD_SF9.dat;100;15;10;1.75;1;2;2;120;641929.4396159993;28.039696090000003
instances/N100T30/N100T30P1W10SD_DF6.dat;100;30;10;1.75;1;2;2;120;1.0799079266139986e6;38.542443972
instances/N100T30/N100T30P1W20DD_SF9.dat;100;30;20;1.75;1;2;2;120;1.198800330119e6;74.869183285
instances/N200T30/N200T30P1W5SD_SF9.dat;200;30;5;1.75;1;2;2;120;1.316110495163995e6;84.344528025
instances/N200T30/N200T30P1W15DD_DF1.dat;200;30;15;1.75;1;2;2;120;1.370528511209996e6;91.94399561899999
instances/N50T15/N50T15P1W15DD_SF4.dat;50;15;15;1.75;1;2;3;120;506525.2160129999;40.059592753000004
instances/N50T15/N50T15P1W20SD_SF1.dat;50;15;20;1.75;1;2;3;120;629747.4678499999;44.516018515
instances/N50T30/N50T30P1W5SD_DF3.dat;50;30;5;1.75;1;2;3;120;851899.1014339998;13.051275570000001
instances/N50T30/N50T30P1W10DD_DF10.dat;50;30;10;1.75;1;2;3;120;940344.6708506668;21.085746979
instances/N100T15/N100T15P1W5DD_SF5.dat;100;15;5;1.75;1;2;3;120;473340.04373299953;12.616423026999998
instances/N100T15/N100T15P1W10SD_SF9.dat;100;15;10;1.75;1;2;3;120;639689.3107790002;45.184043011
instances/N100T30/N100T30P1W10SD_DF6.dat;100;30;10;1.75;1;2;3;120;1.0680328838820006e6;44.913015441
instances/N100T30/N100T30P1W20DD_SF9.dat;100;30;20;1.75;1;2;3;120;1.1928213608066663e6;99.52504165699999
instances/N200T30/N200T30P1W5SD_SF9.dat;200;30;5;1.75;1;2;3;120;1.3180104945470002e6;99.78017257599998
instances/N200T30/N200T30P1W15DD_DF1.dat;200;30;15;1.75;1;2;3;120;1.3710666639439976e6;101.65058781900001
instances/N50T15/N50T15P1W15DD_SF4.dat;50;15;15;1.75;1;2;4;120;504299.83792166645;54.154119193999996
instances/N50T15/N50T15P1W20SD_SF1.dat;50;15;20;1.75;1;2;4;120;626267.9291920001;49.999457816
instances/N50T30/N50T30P1W5SD_DF3.dat;50;30;5;1.75;1;2;4;120;845207.1963526004;16.448520008000003
instances/N50T30/N50T30P1W10DD_DF10.dat;50;30;10;1.75;1;2;4;120;934692.6059640001;29.743259297000005
instances/N100T15/N100T15P1W5DD_SF5.dat;100;15;5;1.75;1;2;4;120;473277.19309533254;16.582265025
instances/N100T15/N100T15P1W10SD_SF9.dat;100;15;10;1.75;1;2;4;120;635998.2200059986;66.396462581
instances/N100T30/N100T30P1W10SD_DF6.dat;100;30;10;1.75;1;2;4;120;1.0504920905819968e6;68.884174456
instances/N100T30/N100T30P1W20DD_SF9.dat;100;30;20;1.75;1;2;4;120;1.1855807750836639e6;98.073091555
instances/N200T30/N200T30P1W5SD_SF9.dat;200;30;5;1.75;1;2;4;120;1.3289574324999982e6;104.797974289
instances/N200T30/N200T30P1W15DD_DF1.dat;200;30;15;1.75;1;2;4;120;1.3767996022649962e6;100.242481226
instances/N50T15/N50T15P1W15DD_SF4.dat;50;15;15;1.75;1;3;2;120;507504.2578793333;32.392116945
instances/N50T15/N50T15P1W20SD_SF1.dat;50;15;20;1.75;1;3;2;120;629100.0536999998;44.054873486000005
instances/N50T30/N50T30P1W5SD_DF3.dat;50;30;5;1.75;1;3;2;120;852800.9707040007;8.775835897
instances/N50T30/N50T30P1W10DD_DF10.dat;50;30;10;1.75;1;3;2;120;940582.852361;18.103790933
instances/N100T15/N100T15P1W5DD_SF5.dat;100;15;5;1.75;1;3;2;120;473409.7336489999;8.465584385
instances/N100T15/N100T15P1W10SD_SF9.dat;100;15;10;1.75;1;3;2;120;638608.257981;37.591852169999996
instances/N100T30/N100T30P1W10SD_DF6.dat;100;30;10;1.75;1;3;2;120;1.0681930106204995e6;39.459975301
instances/N100T30/N100T30P1W20DD_SF9.dat;100;30;20;1.75;1;3;2;120;1.1978662027249988e6;102.011240742
instances/N200T30/N200T30P1W5SD_SF9.dat;200;30;5;1.75;1;3;2;120;1.3158157540449954e6;98.89508427900002
instances/N200T30/N200T30P1W15DD_DF1.dat;200;30;15;1.75;1;3;2;120;1.3691574261019903e6;98.391135265
instances/N50T15/N50T15P1W15DD_SF4.dat;50;15;15;1.75;1;3;3;120;504926.5183696667;38.962924935
instances/N50T15/N50T15P1W20SD_SF1.dat;50;15;20;1.75;1;3;3;120;627925.6328639998;49.475294382
instances/N50T30/N50T30P1W5SD_DF3.dat;50;30;5;1.75;1;3;3;120;848802.8141280003;12.234679340000001
instances/N50T30/N50T30P1W10DD_DF10.dat;50;30;10;1.75;1;3;3;120;938696.6383576661;25.224936852
instances/N100T15/N100T15P1W5DD_SF5.dat;100;15;5;1.75;1;3;3;120;477767.19562166557;16.067522716
instances/N100T15/N100T15P1W10SD_SF9.dat;100;15;10;1.75;1;3;3;120;637417.7820089986;73.740633574
instances/N100T30/N100T30P1W10SD_DF6.dat;100;30;10;1.75;1;3;3;120;1.0495373327569966e6;53.350297471000005
instances/N100T30/N100T30P1W20DD_SF9.dat;100;30;20;1.75;1;3;3;120;1.1901351296179993e6;98.490774443
instances/N200T30/N200T30P1W5SD_SF9.dat;200;30;5;1.75;1;3;3;120;1.319018930225e6;108.654748064
instances/N200T30/N200T30P1W15DD_DF1.dat;200;30;15;1.75;1;3;3;120;1.369023109663995e6;99.78975732
instances/N50T15/N50T15P1W15DD_SF4.dat;50;15;15;1.75;1;3;4;120;503705.9191943333;53.654385440000006
instances/N50T15/N50T15P1W20SD_SF1.dat;50;15;20;1.75;1;3;4;120;627697.9752669998;50.550936816000004
instances/N50T30/N50T30P1W5SD_DF3.dat;50;30;5;1.75;1;3;4;120;848740.2718839998;17.756786105
instances/N50T30/N50T30P1W10DD_DF10.dat;50;30;10;1.75;1;3;4;120;933852.4397053332;34.415548208000004
instances/N100T15/N100T15P1W5DD_SF5.dat;100;15;5;1.75;1;3;4;120;475658.6664119994;57.041456556
instances/N100T15/N100T15P1W10SD_SF9.dat;100;15;10;1.75;1;3;4;120;636546.8472779983;73.878785648
instances/N100T30/N100T30P1W10SD_DF6.dat;100;30;10;1.75;1;3;4;120;1.0644412355849976e6;69.677670748
instances/N100T30/N100T30P1W20DD_SF9.dat;100;30;20;1.75;1;3;4;120;1.187535019034332e6;98.055857141
instances/N200T30/N200T30P1W5SD_SF9.dat;200;30;5;1.75;1;3;4;120;1.3316357406649955e6;108.60630745300001
instances/N200T30/N200T30P1W15DD_DF1.dat;200;30;15;1.75;1;3;4;120;1.369424618880996e6;101.37405484899999
instances/N50T15/N50T15P1W15DD_SF4.dat;50;15;15;1.75;1;4;2;120;505364.3279436666;44.007204210000005
instances/N50T15/N50T15P1W20SD_SF1.dat;50;15;20;1.75;1;4;2;120;627829.4901009998;61.04719898
instances/N50T30/N50T30P1W5SD_DF3.dat;50;30;5;1.75;1;4;2;120;851979.2032890001;10.607058681000002
instances/N50T30/N50T30P1W10DD_DF10.dat;50;30;10;1.75;1;4;2;120;940670.07972;30.086483713000003
instances/N100T15/N100T15P1W5DD_SF5.dat;100;15;5;1.75;1;4;2;120;475262.36306666606;28.970536774
instances/N100T15/N100T15P1W10SD_SF9.dat;100;15;10;1.75;1;4;2;120;637579.3945649995;66.336009681
instances/N100T30/N100T30P1W10SD_DF6.dat;100;30;10;1.75;1;4;2;120;1.0509183709659998e6;59.74216890100001
instances/N100T30/N100T30P1W20DD_SF9.dat;100;30;20;1.75;1;4;2;120;1.1900824795913287e6;92.840248219
instances/N200T30/N200T30P1W5SD_SF9.dat;200;30;5;1.75;1;4;2;120;1.3174174513809965e6;105.65331135099999
instances/N200T30/N200T30P1W15DD_DF1.dat;200;30;15;1.75;1;4;2;120;1.3613172953359976e6;96.15068329900001
instances/N50T15/N50T15P1W15DD_SF4.dat;50;15;15;1.75;1;4;3;120;503787.80383400014;60.985810236
instances/N50T15/N50T15P1W20SD_SF1.dat;50;15;20;1.75;1;4;3;120;626495.6743239997;49.375764096999994
instances/N50T30/N50T30P1W5SD_DF3.dat;50;30;5;1.75;1;4;3;120;850499.0243819999;15.708621431
instances/N50T30/N50T30P1W10DD_DF10.dat;50;30;10;1.75;1;4;3;120;932518.0174963328;25.388798253999997
instances/N100T15/N100T15P1W5DD_SF5.dat;100;15;5;1.75;1;4;3;120;473884.8268966662;38.802801785999996
instances/N100T15/N100T15P1W10SD_SF9.dat;100;15;10;1.75;1;4;3;120;637721.1198329995;62.993951243999994
instances/N100T30/N100T30P1W10SD_DF6.dat;100;30;10;1.75;1;4;3;120;1.0538872218219964e6;81.413808754
instances/N100T30/N100T30P1W20DD_SF9.dat;100;30;20;1.75;1;4;3;120;1.1897572679759995e6;91.828775508
instances/N200T30/N200T30P1W5SD_SF9.dat;200;30;5;1.75;1;4;3;120;1.317963936332415e6;105.64056975
instances/N200T30/N200T30P1W15DD_DF1.dat;200;30;15;1.75;1;4;3;120;1.366515685762996e6;94.78134651
instances/N50T15/N50T15P1W15DD_SF4.dat;50;15;15;1.75;1;4;4;120;504588.05885533267;61.322591606
instances/N50T15/N50T15P1W20SD_SF1.dat;50;15;20;1.75;1;4;4;120;628375.0507789998;60.933154592
instances/N50T30/N50T30P1W5SD_DF3.dat;50;30;5;1.75;1;4;4;120;846527.7530830002;27.640899966000003
instances/N50T30/N50T30P1W10DD_DF10.dat;50;30;10;1.75;1;4;4;120;933664.336956333;55.89554970299999
instances/N100T15/N100T15P1W5DD_SF5.dat;100;15;5;1.75;1;4;4;120;475700.4450339982;63.176376054
instances/N100T15/N100T15P1W10SD_SF9.dat;100;15;10;1.75;1;4;4;120;637909.2643129996;63.08116860599999
instances/N100T30/N100T30P1W10SD_DF6.dat;100;30;10;1.75;1;4;4;120;1.0534355446559996e6;92.22422084
instances/N100T30/N100T30P1W20DD_SF9.dat;100;30;20;1.75;1;4;4;120;1.2010867941923316e6;92.31783263999999
instances/N200T30/N200T30P1W5SD_SF9.dat;200;30;5;1.75;1;4;4;120;1.329311763392996e6;105.629336349
instances/N200T30/N200T30P1W15DD_DF1.dat;200;30;15;1.75;1;4;4;120;1.3835899362399944e6;94.949768069
instances/N50T15/N50T15P1W15DD_SF4.dat;50;15;15;2.0;1;2;2;120;467628.1351623333;16.365268921
instances/N50T15/N50T15P1W20SD_SF1.dat;50;15;20;2.0;1;2;2;120;584218.7766639999;23.790190958
instances/N50T30/N50T30P1W5SD_DF3.dat;50;30;5;2.0;1;2;2;120;757941.5908860005;6.209438726999999
instances/N50T30/N50T30P1W10DD_DF10.dat;50;30;10;2.0;1;2;2;120;840210.4886546668;11.453541806
instances/N100T15/N100T15P1W5DD_SF5.dat;100;15;5;2.0;1;2;2;120;438621.933666;5.6821462270000005
instances/N100T15/N100T15P1W10SD_SF9.dat;100;15;10;2.0;1;2;2;120;601121.6791319989;28.098372542
instances/N100T30/N100T30P1W10SD_DF6.dat;100;30;10;2.0;1;2;2;120;961251.7152879982;21.951628502000002
instances/N100T30/N100T30P1W20DD_SF9.dat;100;30;20;2.0;1;2;2;120;1.1178655474983319e6;82.02103611700001
instances/N200T30/N200T30P1W5SD_SF9.dat;200;30;5;2.0;1;2;2;120;1.1792403629850016e6;7.527291846
instances/N200T30/N200T30P1W15DD_DF1.dat;200;30;15;2.0;1;2;2;120;1.2742213237109915e6;95.993065377
instances/N50T15/N50T15P1W15DD_SF4.dat;50;15;15;2.0;1;2;3;120;469630.9607573333;33.286980926
instances/N50T15/N50T15P1W20SD_SF1.dat;50;15;20;2.0;1;2;3;120;583644.2379469998;41.079828004999996
instances/N50T30/N50T30P1W5SD_DF3.dat;50;30;5;2.0;1;2;3;120;739027.1200800006;12.111085995999998
instances/N50T30/N50T30P1W10DD_DF10.dat;50;30;10;2.0;1;2;3;120;812872.7083043328;16.962627332
instances/N100T15/N100T15P1W5DD_SF5.dat;100;15;5;2.0;1;2;3;120;439676.4773659998;12.69021556
instances/N100T15/N100T15P1W10SD_SF9.dat;100;15;10;2.0;1;2;3;120;593264.5818239988;63.762103117
instances/N100T30/N100T30P1W10SD_DF6.dat;100;30;10;2.0;1;2;3;120;947203.418167998;45.298741017
instances/N100T30/N100T30P1W20DD_SF9.dat;100;30;20;2.0;1;2;3;120;1.0887006287329977e6;97.18073802400001
instances/N200T30/N200T30P1W5SD_SF9.dat;200;30;5;2.0;1;2;3;120;1.1792403629850016e6;51.276972733
instances/N200T30/N200T30P1W15DD_DF1.dat;200;30;15;2.0;1;2;3;120;1.2479456463199996e6;105.239954546
instances/N50T15/N50T15P1W15DD_SF4.dat;50;15;15;2.0;1;2;4;120;462651.6720606666;44.390518777
instances/N50T15/N50T15P1W20SD_SF1.dat;50;15;20;2.0;1;2;4;120;579964.8123319999;51.932951417
instances/N50T30/N50T30P1W5SD_DF3.dat;50;30;5;2.0;1;2;4;120;737441.1845110003;12.113242309
instances/N50T30/N50T30P1W10DD_DF10.dat;50;30;10;2.0;1;2;4;120;808506.0144573334;20.681660350999998
instances/N100T15/N100T15P1W5DD_SF5.dat;100;15;5;2.0;1;2;4;120;439549.32762599934;23.246049153
instances/N100T15/N100T15P1W10SD_SF9.dat;100;15;10;2.0;1;2;4;120;591920.5900109985;45.140778987
instances/N100T30/N100T30P1W10SD_DF6.dat;100;30;10;2.0;1;2;4;120;948909.5130609962;55.952174297
instances/N100T30/N100T30P1W20DD_SF9.dat;100;30;20;2.0;1;2;4;120;1.0850503695919998e6;99.125927149
instances/N200T30/N200T30P1W5SD_SF9.dat;200;30;5;2.0;1;2;4;120;1.1792403629850019e6;37.264913768
instances/N200T30/N200T30P1W15DD_DF1.dat;200;30;15;2.0;1;2;4;120;1.2699086726749947e6;104.727728902
instances/N50T15/N50T15P1W15DD_SF4.dat;50;15;15;2.0;1;3;2;120;467085.1119523331;16.699132836000004
instances/N50T15/N50T15P1W20SD_SF1.dat;50;15;20;2.0;1;3;2;120;576293.9972849999;34.78265000300001
instances/N50T30/N50T30P1W5SD_DF3.dat;50;30;5;2.0;1;3;2;120;738012.2071760001;6.5140424800000005
instances/N50T30/N50T30P1W10DD_DF10.dat;50;30;10;2.0;1;3;2;120;816329.7954463331;11.110012128000001
instances/N100T15/N100T15P1W5DD_SF5.dat;100;15;5;2.0;1;3;2;120;438510.55513199774;10.410474157000001
instances/N100T15/N100T15P1W10SD_SF9.dat;100;15;10;2.0;1;3;2;120;591464.6355309999;38.235958007
instances/N100T30/N100T30P1W10SD_DF6.dat;100;30;10;2.0;1;3;2;120;954731.1274409981;41.534081837
instances/N100T30/N100T30P1W20DD_SF9.dat;100;30;20;2.0;1;3;2;120;1.0970947511663316e6;93.385941458
instances/N200T30/N200T30P1W5SD_SF9.dat;200;30;5;2.0;1;3;2;120;1.1792403629850016e6;31.172932643000003
instances/N200T30/N200T30P1W15DD_DF1.dat;200;30;15;2.0;1;3;2;120;1.2587861300339997e6;96.23711912499999
instances/N50T15/N50T15P1W15DD_SF4.dat;50;15;15;2.0;1;3;3;120;463931.6018806666;27.662389057
instances/N50T15/N50T15P1W20SD_SF1.dat;50;15;20;2.0;1;3;3;120;582439.6560389998;42.296921084
instances/N50T30/N50T30P1W5SD_DF3.dat;50;30;5;2.0;1;3;3;120;739045.0426110004;8.808060521
instances/N50T30/N50T30P1W10DD_DF10.dat;50;30;10;2.0;1;3;3;120;812756.6458473336;19.847898036000004
instances/N100T15/N100T15P1W5DD_SF5.dat;100;15;5;2.0;1;3;3;120;439399.8258596662;16.525524381
instances/N100T15/N100T15P1W10SD_SF9.dat;100;15;10;2.0;1;3;3;120;592154.7115509999;54.566355243
instances/N100T30/N100T30P1W10SD_DF6.dat;100;30;10;2.0;1;3;3;120;952081.7469679967;52.031910134
instances/N100T30/N100T30P1W20DD_SF9.dat;100;30;20;2.0;1;3;3;120;1.094758353992994e6;98.06577042699999
instances/N200T30/N200T30P1W5SD_SF9.dat;200;30;5;2.0;1;3;3;120;1.1832083787580002e6;63.52074082199999
instances/N200T30/N200T30P1W15DD_DF1.dat;200;30;15;2.0;1;3;3;120;1.2508033627939953e6;103.01850499199999
instances/N50T15/N50T15P1W15DD_SF4.dat;50;15;15;2.0;1;3;4;120;463936.36553166667;65.51556522999999
instances/N50T15/N50T15P1W20SD_SF1.dat;50;15;20;2.0;1;3;4;120;579957.3650539998;53.980398779
instances/N50T30/N50T30P1W5SD_DF3.dat;50;30;5;2.0;1;3;4;120;738183.5488809999;12.813334744999999
instances/N50T30/N50T30P1W10DD_DF10.dat;50;30;10;2.0;1;3;4;120;808073.3300236668;34.871413957
instances/N100T15/N100T15P1W5DD_SF5.dat;100;15;5;2.0;1;3;4;120;439261.11660066573;39.174424126000005
instances/N100T15/N100T15P1W10SD_SF9.dat;100;15;10;2.0;1;3;4;120;592564.7821109998;73.860093985
instances/N100T30/N100T30P1W10SD_DF6.dat;100;30;10;2.0;1;3;4;120;945316.0515239974;87.130333683
instances/N100T30/N100T30P1W20DD_SF9.dat;100;30;20;2.0;1;3;4;120;1.0922252464573318e6;102.581830256
instances/N200T30/N200T30P1W5SD_SF9.dat;200;30;5;2.0;1;3;4;120;1.1792403629850019e6;94.436761135
instances/N200T30/N200T30P1W15DD_DF1.dat;200;30;15;2.0;1;3;4;120;1.2545254243829923e6;103.99696385499999
instances/N50T15/N50T15P1W15DD_SF4.dat;50;15;15;2.0;1;4;2;120;463173.2044686666;38.875968470000004
instances/N50T15/N50T15P1W20SD_SF1.dat;50;15;20;2.0;1;4;2;120;578250.707797;45.623066628000004
instances/N50T30/N50T30P1W5SD_DF3.dat;50;30;5;2.0;1;4;2;120;737429.5748142862;5.877912059
instances/N50T30/N50T30P1W10DD_DF10.dat;50;30;10;2.0;1;4;2;120;819271.5702730002;14.129019463
instances/N100T15/N100T15P1W5DD_SF5.dat;100;15;5;2.0;1;4;2;120;439211.280751333;8.994551924
instances/N100T15/N100T15P1W10SD_SF9.dat;100;15;10;2.0;1;4;2;120;590213.4000329992;52.22955627899999
instances/N100T30/N100T30P1W10SD_DF6.dat;100;30;10;2.0;1;4;2;120;947876.2048839997;39.001373309
instances/N100T30/N100T30P1W20DD_SF9.dat;100;30;20;2.0;1;4;2;120;1.0940986731219974e6;93.176521287
instances/N200T30/N200T30P1W5SD_SF9.dat;200;30;5;2.0;1;4;2;120;1.1792403629850016e6;20.450388976
instances/N200T30/N200T30P1W15DD_DF1.dat;200;30;15;2.0;1;4;2;120;1.2513413006539964e6;95.59252725
instances/N50T15/N50T15P1W15DD_SF4.dat;50;15;15;2.0;1;4;3;120;464332.5856140591;60.982798078
instances/N50T15/N50T15P1W20SD_SF1.dat;50;15;20;2.0;1;4;3;120;582933.3388789997;61.351030349000006
instances/N50T30/N50T30P1W5SD_DF3.dat;50;30;5;2.0;1;4;3;120;736339.4828400002;11.603410377000001
instances/N50T30/N50T30P1W10DD_DF10.dat;50;30;10;2.0;1;4;3;120;810257.4291703335;33.524646291
instances/N100T15/N100T15P1W5DD_SF5.dat;100;15;5;2.0;1;4;3;120;438792.14753966685;39.990926666
instances/N100T15/N100T15P1W10SD_SF9.dat;100;15;10;2.0;1;4;3;120;590873.7982569996;63.044369200000006
instances/N100T30/N100T30P1W10SD_DF6.dat;100;30;10;2.0;1;4;3;120;949551.787363999;85.608711765
instances/N100T30/N100T30P1W20DD_SF9.dat;100;30;20;2.0;1;4;3;120;1.079409480223999e6;92.82381453100001
instances/N200T30/N200T30P1W5SD_SF9.dat;200;30;5;2.0;1;4;3;120;1.1842753127810003e6;80.566465705
instance/N200T30/N200T30P1W15DD_DF1.dat;200;30;15;2.0;1;4;3;120;1.2561321587489971e6;96.013578294
instances/N50T15/N50T15P1W15DD_SF4.dat;50;15;15;2.0;1;4;4;120;462058.4524266664;60.93504351000001
instances/N50T15/N50T15P1W20SD_SF1.dat;50;15;20;2.0;1;4;4;120;577564.3594109998;61.074119275
instances/N50T30/N50T30P1W5SD_DF3.dat;50;30;5;2.0;1;4;4;120;738158.3660120001;13.307054122
instances/N50T30/N50T30P1W10DD_DF10.dat;50;30;10;2.0;1;4;4;120;809352.8374593334;46.299199951999995
instances/N100T15/N100T15P1W5DD_SF5.dat;100;15;5;2.0;1;4;4;120;438081.3025329981;63.197879442
instances/N100T15/N100T15P1W10SD_SF9.dat;100;15;10;2.0;1;4;4;120;593672.4545109998;78.240471452
instances/N100T30/N100T30P1W10SD_DF6.dat;100;30;10;2.0;1;4;4;120;950971.9572129978;87.09233569599999
instances/N100T30/N100T30P1W20DD_SF9.dat;100;30;20;2.0;1;4;4;120;1.080159148264331e6;92.37988731800002
instances/N200T30/N200T30P1W5SD_SF9.dat;200;30;5;2.0;1;4;4;120;1.1838041116040004e6;84.43054075699999
instances/N200T30/N200T30P1W15DD_DF1.dat;200;30;15;2.0;1;4;4;120;1.2554886342729966e6;98.65774199
